antecedents,consequents,support,confidence,lift
The Martian,KGF Chapter 1,0.8,1.0,1.25
KGF Chapter 1,The Martian,0.8,1.0,1.25
The Martian,Interstellar,0.8,1.0,1.25
Interstellar,The Martian,0.8,1.0,1.25
KGF Chapter 1,Interstellar,0.8,1.0,1.25
Interstellar,KGF Chapter 1,0.8,1.0,1.25
Drishyam,3 Idiots,0.7,1.0,1.25
Andhadhun,Inception,0.6,1.0,1.25
3 Idiots,Drishyam,0.7,0.8749999999999999,1.25
Dangal,Barbie,0.9,1.0,1.1111111111111112
Barbie,Dangal,0.9,1.0,1.1111111111111112
La La Land,Zindagi Na Milegi Dobara,0.9,1.0,1.1111111111111112
Zindagi Na Milegi Dobara,La La Land,0.9,1.0,1.1111111111111112
RRR,Oppenheimer,0.9,1.0,1.1111111111111112
Oppenheimer,RRR,0.9,1.0,1.1111111111111112
Pathaan,Avengers Endgame,0.9,1.0,1.1111111111111112
Avengers Endgame,Pathaan,0.9,1.0,1.1111111111111112
3 Idiots,Zindagi Na Milegi Dobara,0.8,1.0,1.1111111111111112
3 Idiots,La La Land,0.8,1.0,1.1111111111111112
KGF Chapter 1,Jawan,0.8,1.0,1.1111111111111112
The Martian,Jawan,0.8,1.0,1.1111111111111112
Interstellar,Jawan,0.8,1.0,1.1111111111111112
Taare Zameen Par,Avengers Endgame,0.7,1.0,1.1111111111111112
Drishyam,La La Land,0.7,1.0,1.1111111111111112
Drishyam,Zindagi Na Milegi Dobara,0.7,1.0,1.1111111111111112
12th Fail,Pathaan,0.7,1.0,1.1111111111111112
12th Fail,Dangal,0.7,1.0,1.1111111111111112
12th Fail,Barbie,0.7,1.0,1.1111111111111112
12th Fail,Avengers Endgame,0.7,1.0,1.1111111111111112
Taare Zameen Par,Pathaan,0.7,1.0,1.1111111111111112
Taare Zameen Par,RRR,0.7,1.0,1.1111111111111112
Taare Zameen Par,Oppenheimer,0.7,1.0,1.1111111111111112
Taare Zameen Par,Jawan,0.7,1.0,1.1111111111111112
Andhadhun,La La Land,0.6,1.0,1.1111111111111112
Andhadhun,Zindagi Na Milegi Dobara,0.6,1.0,1.1111111111111112
Zindagi Na Milegi Dobara,3 Idiots,0.8,0.888888888888889,1.1111111111111112
La La Land,3 Idiots,0.8,0.888888888888889,1.1111111111111112
Jawan,KGF Chapter 1,0.8,0.888888888888889,1.1111111111111112
Jawan,The Martian,0.8,0.888888888888889,1.1111111111111112
Jawan,Interstellar,0.8,0.888888888888889,1.1111111111111112
Avengers Endgame,Taare Zameen Par,0.7,0.7777777777777777,1.111111111111111
La La Land,Drishyam,0.7,0.7777777777777777,1.111111111111111
Zindagi Na Milegi Dobara,Drishyam,0.7,0.7777777777777777,1.111111111111111
Pathaan,12th Fail,0.7,0.7777777777777777,1.111111111111111
Dangal,12th Fail,0.7,0.7777777777777777,1.111111111111111
Barbie,12th Fail,0.7,0.7777777777777777,1.111111111111111
Avengers Endgame,12th Fail,0.7,0.7777777777777777,1.111111111111111
Pathaan,Taare Zameen Par,0.7,0.7777777777777777,1.111111111111111
RRR,Taare Zameen Par,0.7,0.7777777777777777,1.111111111111111
Oppenheimer,Taare Zameen Par,0.7,0.7777777777777777,1.111111111111111
Jawan,Taare Zameen Par,0.7,0.7777777777777777,1.111111111111111
The Martian,Inception,0.7,0.8749999999999999,1.0937499999999998
Inception,The Martian,0.7,0.8749999999999999,1.0937499999999998
Inception,Interstellar,0.7,0.8749999999999999,1.0937499999999998
Interstellar,Inception,0.7,0.8749999999999999,1.0937499999999998
Inception,KGF Chapter 1,0.7,0.8749999999999999,1.0937499999999998
KGF Chapter 1,Inception,0.7,0.8749999999999999,1.0937499999999998
12th Fail,3 Idiots,0.6,0.8571428571428572,1.0714285714285714
Taare Zameen Par,The Martian,0.6,0.8571428571428572,1.0714285714285714
Taare Zameen Par,Interstellar,0.6,0.8571428571428572,1.0714285714285714
Taare Zameen Par,KGF Chapter 1,0.6,0.8571428571428572,1.0714285714285714
